,x
1,bar_interval
2,bt_basic
3,bt_stoploss
4,count
5,cu
6,cu_1m
7,cu_active
8,cu_changepoint
9,cu_diff
10,cu_open_vo
11,cu_px_vo
12,cu_px_vo_ex_opcl
13,cu_size
14,cu_time
15,cu_time_ex_opcl
16,cu_value
17,cu_value_adj
18,cu_vo
19,cu_vo_max
20,cutloss_10
21,cutloss_12
22,cutloss_15
23,cutloss_8
24,data_chart
26,day_session
27,dce
28,dce_10dhigh
29,dce_10m
30,dce_1d
31,dce_1dhigh
32,dce_1m
33,dce_2hhigh
34,dce_2sma20
35,dce_5dhigh
36,dce_5sma20
37,dce_active
38,dce_break
39,dce_break_10dhigh
40,dce_break_1dhigh
41,dce_break_2hhigh
42,dce_break_5dhigh
43,dce_break_high30
44,dce_changepoint
45,dce_close
46,dce_diff
47,dce_gapup
48,dce_high
49,dce_high30
50,dce_open
51,dce_px_vo
52,dce_px_vo_ex_opcl
53,dce_roc
54,dce_size
55,dce_time
56,dce_time_ex_opcl
57,dce_time2
58,dce_value
59,dce_value_adj
60,dce_vo
61,dce_vo_max
62,df
63,dice
64,dice2
65,dn_day
66,drawdown
67,dur_mean
68,entry
69,exit
70,exit_sig
71,exit_sl
72,fast
73,graph
74,hi
75,high30
76,holding_period
77,holding_period_return
78,i
79,ioe
80,ioe_1m
81,ioe_active
82,ioe_changepoint
83,ioe_diff
84,ioe_px_vo
85,ioe_px_vo_ex_opcl
86,ioe_size
87,ioe_time
88,ioe_time_ex_opcl
89,ioe_value
90,ioe_value_adj
91,ioe_vo
92,ioe_vo_max
93,j
94,k
95,kee
96,kee_1m
97,kee_active
98,kee_changepoint
99,kee_diff
100,kee_px_vo
101,kee_px_vo_ex_opcl
102,kee_size
103,kee_time
104,kee_time_ex_opcl
105,kee_value
106,kee_value_adj
107,kee_vo
108,kee_vo_max
109,ledger
110,low_rng
111,low_vo
112,m
113,macd
114,macd_hist
115,macd_scaled
116,mdd
117,mdd_dur
118,mdd_pct
119,metrics
120,metrics2
122,month
123,n
124,N
125,name
126,night_session
129,no_cores
130,Norm01
131,Norm02
132,nx_time
133,nxd
134,optimization_plot
138,performance
139,prod
140,pt10
141,pt5
142,pt6
143,pt8
144,rbt
145,rbt_1m
146,rbt_active
147,rbt_changepoint
148,rbt_diff
149,rbt_px_vo
150,rbt_px_vo_ex_opcl
151,rbt_size
152,rbt_time
153,rbt_time_ex_opcl
154,rbt_value
155,rbt_value_adj
156,rbt_vo
157,rbt_vo_max
158,remain_n
159,remain_x
160,ret_day
161,ret_mean
162,rng
163,rng20
165,roll1000
166,roll2
167,roll2_alt
168,roll3
169,rpt
172,second_price
173,second_return
174,security
175,sig
176,signal
177,signal_change
178,signal_n
179,signal_x
180,slow
181,sr
182,start_run
183,start_timer
184,std
185,StdNorm
186,subset
187,sumNorm
188,symbol
189,temp
190,test
191,test_foo
192,testing
193,time_plot
194,tr
195,tr20
196,trade
197,trade2
198,trade3
199,trailing_stop
200,trailing_stop_pct
201,training
202,trend
203,up
204,up_day
205,vo
206,vo_1d
207,win_rate
208,year
